ID,Target_Form_ID,Source_Form_ID,Comment,Source
1-0_carpenter,EAH-0_carpenter-1,WOT-0_carpenter-1,,wot
2-1_cannoncatapult,EAH-1_cannoncatapult-1,WOT-1_cannoncatapult-1,,wot
3-2_tofondlepetcaress,EAH-2_tofondlepetcaress-1,WOT-2_tofondlepetcaress-1,,wot
4-5_falseimitation,EAH-5_falseimitation-1,WOT-5_falseimitation-1,,wot
5-9_piedofananimalscoat,EAH-9_piedofananimalscoat-1,WOT-9_piedofananimalscoat-1,,wot
6-9_piedofananimalscoat,EAH-9_piedofananimalscoat-2,WOT-9_piedofananimalscoat-2,,wot
7-9_piedofananimalscoat,EAH-9_piedofananimalscoat-3,WOT-9_piedofananimalscoat-3,,wot
8-9_piedofananimalscoat,EAH-9_piedofananimalscoat-4,WOT-9_piedofananimalscoat-4,,wot
9-10_apple,EAH-10_apple-1,WOT-10_apple-1,,wot
10-12_barrelwoodencontainerandstandardquantity,EAH-12_barrelwoodencontainerandstandardquantity-1,WOT-12_barrelwoodencontainerandstandardquantity-1,,wot
11-12_barrelwoodencontainerandstandardquantity,EAH-12_barrelwoodencontainerandstandardquantity-2,WOT-12_barrelwoodencontainerandstandardquantity-2,,wot
12-13_tonursetakecareof,EAH-13_tonursetakecareof-1,WOT-13_tonursetakecareof-1,,wot
13-14_todecayputrifyturnstale,EAH-14_todecayputrifyturnstale-1,WOT-14_todecayputrifyturnstale-1,,wot
14-15_smalltiny,EAH-15_smalltiny-1,WOT-15_smalltiny-1,,wot
15-17_tomow,EAH-17_tomow-1,WOT-17_tomow-1,,wot
16-17_tomow,EAH-17_tomow-2,WOT-17_tomow-2,,wot
17-18_todecayputrefygobadoffoodwater,EAH-18_todecayputrefygobadoffoodwater-1,WOT-18_todecayputrefygobadoffoodwater-1,,wot
18-19_toharm,EAH-19_toharm-1,WOT-19_toharm-1,,wot
19-21_ditchcanal,EAH-21_ditchcanal-1,WOT-21_ditchcanal-1,,wot
20-22_barleyhordeum,EAH-22_barleyhordeum-1,WOT-22_barleyhordeum-1,,wot
21-23_barrow,EAH-23_barrow-1,WOT-23_barrow-1,,wot
22-24_gauntrygantryforsupportingbarrels,EAH-24_gauntrygantryforsupportingbarrels-1,WOT-24_gauntrygantryforsupportingbarrels-1,,wot
23-25_charm,EAH-25_charm-1,WOT-25_charm-1,,wot
24-26_soggyplacemoorswampmarsh,EAH-26_soggyplacemoorswampmarsh-1,WOT-26_soggyplacemoorswampmarsh-1,,wot
25-27_hatchetaxe,EAH-27_hatchetaxe-1,WOT-27_hatchetaxe-1,,wot
26-28_paganidolstoneorwoodenpillarverticalbeamofdifferentwoodeninstrumentsstrongcorpulentperson,EAH-28_paganidolstoneorwoodenpillarverticalbeamofdifferentwoodeninstrumentsstrongcorpulentperson-1,WOT-28_paganidolstoneorwoodenpillarverticalbeamofdifferentwoodeninstrumentsstrongcorpulentperson-1,,wot
27-30_toregrettobesorry,EAH-30_toregrettobesorry-1,WOT-30_toregrettobesorry-1,,wot
28-33_cattlelivestock,EAH-33_cattlelivestock-1,WOT-33_cattlelivestock-1,,wot
29-34_velvet,EAH-34_velvet-1,WOT-34_velvet-1,,wot
30-35_tofuck,EAH-35_tofuck-1,WOT-35_tofuck-1,,wot
31-36_courageousbravevaliant,EAH-36_courageousbravevaliant-1,WOT-36_courageousbravevaliant-1,,wot
32-37_toestimatetoesteemtoappreciate,EAH-37_toestimatetoesteemtoappreciate-1,WOT-37_toestimatetoesteemtoappreciate-1,,wot
33-38_frog,EAH-38_frog-1,WOT-38_frog-1,,wot
34-40_hobbleshacklelegiron,EAH-40_hobbleshacklelegiron-1,WOT-40_hobbleshacklelegiron-1,,wot
35-40_hobbleshacklelegiron,EAH-40_hobbleshacklelegiron-2,WOT-40_hobbleshacklelegiron-2,,wot
36-41_stampbondmark,EAH-41_stampbondmark-1,WOT-41_stampbondmark-1,,wot
37-42_wagerent,EAH-42_wagerent-1,WOT-42_wagerent-1,,wot
38-43_nameofapeople,EAH-43_nameofapeople-1,WOT-43_nameofapeople-1,,wot
39-44_grainorsmallglobuleofpreciousmetal,EAH-44_grainorsmallglobuleofpreciousmetal-1,WOT-44_grainorsmallglobuleofpreciousmetal-1,,wot
40-45_abirdofprey,EAH-45_abirdofprey-1,WOT-45_abirdofprey-1,,wot
41-46_pechenegnameofatribe,EAH-46_pechenegnameofatribe-1,WOT-46_pechenegnameofatribe-1,,wot
42-47_letterofthealphabet,EAH-47_letterofthealphabet-1,WOT-47_letterofthealphabet-1,,wot
43-50_pocketknife,EAH-50_pocketknife-1,WOT-50_pocketknife-1,,wot
44-50_pocketknife,EAH-50_pocketknife-2,WOT-50_pocketknife-2,,wot
45-50_pocketknife,EAH-50_pocketknife-3,WOT-50_pocketknife-3,,wot
46-51_bull,EAH-51_bull-1,WOT-51_bull-1,,wot
47-52_shackles,EAH-52_shackles-1,WOT-52_shackles-1,,wot
48-53_judge,EAH-53_judge-1,WOT-53_judge-1,,wot
49-54_tobeforgivenbocsanat,EAH-54_tobeforgivenbocsanat-1,WOT-54_tobeforgivenbocsanat-1,,wot
50-55_toforgive,EAH-55_toforgive-1,WOT-55_toforgive-1,,wot
51-57_knotbend,EAH-57_knotbend-1,WOT-57_knotbend-1,,wot
52-58_stackofhay,EAH-58_stackofhay-1,WOT-58_stackofhay-1,,wot
53-59_tasselfringetuftnode,EAH-59_tasselfringetuftnode-1,WOT-59_tasselfringetuftnode-1,,wot
54-60_burdockarctiumsp,EAH-60_burdockarctiumsp-1,WOT-60_burdockarctiumsp-1,,wot
55-61_ankle,EAH-61_ankle-1,WOT-61_ankle-1,,wot
56-63_ankleboot,EAH-63_ankleboot-1,WOT-63_ankleboot-1,,wot
57-63_ankleboot,EAH-63_ankleboot-2,WOT-63_ankleboot-2,,wot
58-64_anthill,EAH-64_anthill-1,WOT-64_anthill-1,,wot
59-65_wine,EAH-65_wine-1,WOT-65_wine-1,,wot
60-66_tocovertooverturn,EAH-66_tocovertooverturn-1,WOT-66_tocovertooverturn-1,,wot
61-67_cover,EAH-67_cover-1,WOT-67_cover-1,,wot
62-68_calf,EAH-68_calf-1,WOT-68_calf-1,,wot
63-69_pepper,EAH-69_pepper-1,WOT-69_pepper-1,,wot
64-70_peapisumsativumbean,EAH-70_peapisumsativumbean-1,WOT-70_peapisumsativumbean-1,,wot
65-71_badgermelesmeles,EAH-71_badgermelesmeles-1,WOT-71_badgermelesmeles-1,,wot
66-72_witchsorceress,EAH-72_witchsorceress-1,WOT-72_witchsorceress-1,,wot
67-73_toannoy,EAH-73_toannoy-1,WOT-73_toannoy-1,,wot
68-74_revenge,EAH-74_revenge-1,WOT-74_revenge-1,,wot
69-78_stickcane,EAH-78_stickcane-1,WOT-78_stickcane-1,,wot
70-78_stickcane,EAH-78_stickcane-2,WOT-78_stickcane-2,,wot
71-78_stickcane,EAH-78_stickcane-3,WOT-78_stickcane-3,,wot
72-78_stickcane,EAH-78_stickcane-4,WOT-78_stickcane-4,,wot
73-80_richabundantroomy,EAH-80_richabundantroomy-1,WOT-80_richabundantroomy-1,,wot
74-81_horseflygadfly,EAH-81_horseflygadfly-1,WOT-81_horseflygadfly-1,,wot
75-82_fasting,EAH-82_fasting-1,WOT-82_fasting-1,,wot
76-83_wise,EAH-83_wise-1,WOT-83_wise-1,,wot
77-84_cradle,EAH-84_cradle-1,WOT-84_cradle-1,,wot
78-85_bison,EAH-85_bison-1,WOT-85_bison-1,,wot
79-86_prisonjail,EAH-86_prisonjail-1,WOT-86_prisonjail-1,,wot
80-88_sadbadtempered,EAH-88_sadbadtempered-1,WOT-88_sadbadtempered-1,,wot
81-89_farewellindulgencededicationfestivalannualparishfeast,EAH-89_farewellindulgencededicationfestivalannualparishfeast-1,WOT-89_farewellindulgencededicationfestivalannualparishfeast-1,,wot
82-91_volgabulgar,EAH-91_volgabulgar-1,WOT-91_volgabulgar-1,,wot
83-92_steamvapourfumesheat,EAH-92_steamvapourfumesheat-1,WOT-92_steamvapourfumesheat-1,,wot
84-93_wheattriticum,EAH-93_wheattriticum-1,WOT-93_wheattriticum-1,,wot
85-95_beech,EAH-95_beech-1,WOT-95_beech-1,,wot
86-96_sin,EAH-96_sin-1,WOT-96_sin-1,,wot
87-97_bluntendofsomethingarodwithanendcutobtuseendofafieldstriptheshortersideorendofapieceoffurniturefootofthehill,EAH-97_bluntendofsomethingarodwithanendcutobtuseendofafieldstriptheshortersideorendofapieceoffurniturefootofthehill-1,WOT-97_bluntendofsomethingarodwithanendcutobtuseendofafieldstriptheshortersideorendofapieceoffurniturefootofthehill-1,,wot
88-98_magical,EAH-98_magical-1,WOT-98_magical-1,,wot
89-99_akindofwillowsalixelgnos,EAH-99_akindofwillowsalixelgnos-1,WOT-99_akindofwillowsalixelgnos-1,,wot
90-103_trapsnareforcatchingbirdsbirdcage,EAH-103_trapsnareforcatchingbirdsbirdcage-1,WOT-103_trapsnareforcatchingbirdsbirdcage-1,,wot
91-103_trapsnareforcatchingbirdsbirdcage,EAH-103_trapsnareforcatchingbirdsbirdcage-2,WOT-103_trapsnareforcatchingbirdsbirdcage-2,,wot
92-103_trapsnareforcatchingbirdsbirdcage,EAH-103_trapsnareforcatchingbirdsbirdcage-3,WOT-103_trapsnareforcatchingbirdsbirdcage-3,,wot
93-103_trapsnareforcatchingbirdsbirdcage,EAH-103_trapsnareforcatchingbirdsbirdcage-4,WOT-103_trapsnareforcatchingbirdsbirdcage-4,,wot
94-104_akindofwillowusedforbasketsandinviticulturesalixpurpurea,EAH-104_akindofwillowusedforbasketsandinviticulturesalixpurpurea-1,WOT-104_akindofwillowusedforbasketsandinviticulturesalixpurpurea-1,,wot
95-105_akindofwillow,EAH-105_akindofwillow-1,WOT-105_akindofwillow-1,,wot
96-109_onlyjust,EAH-109_onlyjust-1,WOT-109_onlyjust-1,,wot
97-110_pickaxemaceasmallaxewarhammer,EAH-110_pickaxemaceasmallaxewarhammer-1,WOT-110_pickaxemaceasmallaxewarhammer-1,,wot
98-113_nettleurtica,EAH-113_nettleurtica-1,WOT-113_nettleurtica-1,,wot
99-113_nettleurtica,EAH-113_nettleurtica-2,WOT-113_nettleurtica-2,,wot
100-113_nettleurtica,EAH-113_nettleurtica-3,WOT-113_nettleurtica-3,,wot
101-114_thicketbrushwooddryfoliagegrovemeadow,EAH-114_thicketbrushwooddryfoliagegrovemeadow-1,WOT-114_thicketbrushwooddryfoliagegrovemeadow-1,,wot
102-115_thicketbrushwooddryfoliagegrovemeadow,EAH-115_thicketbrushwooddryfoliagegrovemeadow-1,WOT-115_thicketbrushwooddryfoliagegrovemeadow-1,,wot
103-116_silvercupwoodenladleearthenwarebowl,EAH-116_silvercupwoodenladleearthenwarebowl-1,WOT-116_silvercupwoodenladleearthenwarebowl-1,,wot
104-118_fightingtrooparmygroupbattlequarrelhubbubflock,EAH-118_fightingtrooparmygroupbattlequarrelhubbubflock-1,WOT-118_fightingtrooparmygroupbattlequarrelhubbubflock-1,,wot
105-118_fightingtrooparmygroupbattlequarrelhubbubflock,EAH-118_fightingtrooparmygroupbattlequarrelhubbubflock-2,WOT-118_fightingtrooparmygroupbattlequarrelhubbubflock-2,,wot
106-119_toaddtojointobuckleupsomething,EAH-119_toaddtojointobuckleupsomething-1,WOT-119_toaddtojointobuckleupsomething-1,,wot
107-120_clasp,EAH-120_clasp-1,WOT-120_clasp-1,,wot
108-122_measlesmallpoxpocksskineruptiondecorativeembroidery,EAH-122_measlesmallpoxpocksskineruptiondecorativeembroidery-1,WOT-122_measlesmallpoxpocksskineruptiondecorativeembroidery-1,,wot
109-122_measlesmallpoxpocksskineruptiondecorativeembroidery,EAH-122_measlesmallpoxpocksskineruptiondecorativeembroidery-2,WOT-122_measlesmallpoxpocksskineruptiondecorativeembroidery-2,,wot
110-123_tobindsomething,EAH-123_tobindsomething-1,WOT-123_tobindsomething-1,,wot
111-127_impuritiestowchaff,EAH-127_impuritiestowchaff-1,WOT-127_impuritiestowchaff-1,,wot
112-127_impuritiestowchaff,EAH-127_impuritiestowchaff-2,WOT-127_impuritiestowchaff-2,,wot
113-127_impuritiestowchaff,EAH-127_impuritiestowchaff-3,WOT-127_impuritiestowchaff-3,,wot
114-127_impuritiestowchaff,EAH-127_impuritiestowchaff-4,WOT-127_impuritiestowchaff-4,,wot
115-128_snailhelixsnailshellpulleyvertebra,EAH-128_snailhelixsnailshellpulleyvertebra-1,WOT-128_snailhelixsnailshellpulleyvertebra-1,,wot
116-130_awineoflowqualityafruitwine,EAH-130_awineoflowqualityafruitwine-1,WOT-130_awineoflowqualityafruitwine-1,,wot
117-130_awineoflowqualityafruitwine,EAH-130_awineoflowqualityafruitwine-2,WOT-130_awineoflowqualityafruitwine-2,,wot
118-131_secretionmucusdischargedfromtheeyes,EAH-131_secretionmucusdischargedfromtheeyes-1,WOT-131_secretionmucusdischargedfromtheeyes-1,,wot
119-132_squinteyedblindinoneeyeonearmedonelegged,EAH-132_squinteyedblindinoneeyeonearmedonelegged-1,WOT-132_squinteyedblindinoneeyeonearmedonelegged-1,,wot
120-133_acarpentersaxewithalonghelve,EAH-133_acarpentersaxewithalonghelve-1,WOT-133_acarpentersaxewithalonghelve-1,,wot
121-137_sexualorganoflargemaleanimalsofabullawhipmadefromit,EAH-137_sexualorganoflargemaleanimalsofabullawhipmadefromit-1,WOT-137_sexualorganoflargemaleanimalsofabullawhipmadefromit-1,,wot
122-138_feastchristeningfeastatbaptism,EAH-138_feastchristeningfeastatbaptism-1,WOT-138_feastchristeningfeastatbaptism-1,,wot
123-139_tobecomesmallerremainsmalltoswaytotottertosprain,EAH-139_tobecomesmallerremainsmalltoswaytotottertosprain-1,WOT-139_tobecomesmallerremainsmalltoswaytotottertosprain-1,,wot
124-140_stubborn,EAH-140_stubborn-1,WOT-140_stubborn-1,,wot
125-141_fieldguardheraldturkishenvoy,EAH-141_fieldguardheraldturkishenvoy-1,WOT-141_fieldguardheraldturkishenvoy-1,,wot
126-142_roughcoarseuglywildunbridled,EAH-142_roughcoarseuglywildunbridled-1,WOT-142_roughcoarseuglywildunbridled-1,,wot
127-143_towindtoturntodistrortmisinterprettospinayarn,EAH-143_towindtoturntodistrortmisinterprettospinayarn-1,WOT-143_towindtoturntodistrortmisinterprettospinayarn-1,,wot
128-144_bobbinspindle,EAH-144_bobbinspindle-1,WOT-144_bobbinspindle-1,,wot
129-148_gristgroatssofthail,EAH-148_gristgroatssofthail-1,WOT-148_gristgroatssofthail-1,,wot
130-148_gristgroatssofthail,EAH-148_gristgroatssofthail-2,WOT-148_gristgroatssofthail-2,,wot
131-150_noonsouth,EAH-150_noonsouth-1,WOT-150_noonsouth-1,,wot
132-150_noonsouth,EAH-150_noonsouth-2,WOT-150_noonsouth-2,,wot
133-152_nutwalnutjuglans,EAH-152_nutwalnutjuglans-1,WOT-152_nutwalnutjuglans-1,,wot
134-152_nutwalnutjuglans,EAH-152_nutwalnutjuglans-2,WOT-152_nutwalnutjuglans-2,,wot
135-153_pigsusdomestica,EAH-153_pigsusdomestica-1,WOT-153_pigsusdomestica-1,,wot
136-155_toleantoppleoverstreamdown,EAH-155_toleantoppleoverstreamdown-1,WOT-155_toleantoppleoverstreamdown-1,,wot
137-155_toleantoppleoverstreamdown,EAH-155_toleantoppleoverstreamdown-2,WOT-155_toleantoppleoverstreamdown-2,,wot
138-157_tosqueezetothrustinto,EAH-157_tosqueezetothrustinto-1,WOT-157_tosqueezetothrustinto-1,,wot
139-157_tosqueezetothrustinto,EAH-157_tosqueezetothrustinto-2,WOT-157_tosqueezetothrustinto-2,,wot
140-159_churchbuildingandorganisation,EAH-159_churchbuildingandorganisation-1,WOT-159_churchbuildingandorganisation-1,,wot
141-159_churchbuildingandorganisation,EAH-159_churchbuildingandorganisation-2,WOT-159_churchbuildingandorganisation-2,,wot
142-161_plough,EAH-161_plough-1,WOT-161_plough-1,,wot
143-162_toallowpermitconcedeyieldgiveway,EAH-162_toallowpermitconcedeyieldgiveway-1,WOT-162_toallowpermitconcedeyieldgiveway-1,,wot
144-163_topropitiate,EAH-163_topropitiate-1,WOT-163_topropitiate-1,,wot
145-164_communityworkinagricultureakindofcorvee,EAH-164_communityworkinagricultureakindofcorvee-1,WOT-164_communityworkinagricultureakindofcorvee-1,,wot
146-165_toarrivetoreachgetto,EAH-165_toarrivetoreachgetto-1,WOT-165_toarrivetoreachgetto-1,,wot
147-166_merit,EAH-166_merit-1,WOT-166_merit-1,,wot
148-167_moralsmorality,EAH-167_moralsmorality-1,WOT-167_moralsmorality-1,,wot
149-168_totirelosevitalityslackenrelax,EAH-168_totirelosevitalityslackenrelax-1,WOT-168_totirelosevitalityslackenrelax-1,,wot
150-169_strengthpower,EAH-169_strengthpower-1,WOT-169_strengthpower-1,,wot
151-171_oath,EAH-171_oath-1,WOT-171_oath-1,,wot
152-171_oath,EAH-171_oath-2,WOT-171_oath-2,,wot
153-172_reasonmind,EAH-172_reasonmind-1,WOT-172_reasonmind-1,,wot
154-174_rivernameofariver,EAH-174_rivernameofariver-1,WOT-174_rivernameofariver-1,,wot
155-174_rivernameofariver,EAH-174_rivernameofariver-2,WOT-174_rivernameofariver-2,,wot
156-202_weed,EAH-202_weed-1,WOT-202_weed-1,,wot
157-177_pelicanpelicanus,EAH-177_pelicanpelicanus-1,WOT-177_pelicanpelicanus-1,,wot
158-177_pelicanpelicanus,EAH-177_pelicanpelicanus-2,WOT-177_pelicanpelicanus-2,,wot
159-179_polecatputoriusfoetidus,EAH-179_polecatputoriusfoetidus-1,WOT-179_polecatputoriusfoetidus-1,,wot
160-179_polecatputoriusfoetidus,EAH-179_polecatputoriusfoetidus-2,WOT-179_polecatputoriusfoetidus-2,,wot
161-181_gleanermousemusspicilegus,EAH-181_gleanermousemusspicilegus-1,WOT-181_gleanermousemusspicilegus-1,,wot
162-182_toabusecalumniate,EAH-182_toabusecalumniate-1,WOT-182_toabusecalumniate-1,,wot
163-183_dragnetakindoffishingnet,EAH-183_dragnetakindoffishingnet-1,WOT-183_dragnetakindoffishingnet-1,,wot
164-184_suspicionmistrust,EAH-184_suspicionmistrust-1,WOT-184_suspicionmistrust-1,,wot
165-185_wool,EAH-185_wool-1,WOT-185_wool-1,,wot
166-186_cotton,EAH-186_cotton-1,WOT-186_cotton-1,,wot
167-188_toincreasetoputonweighttogrowstronger,EAH-188_toincreasetoputonweighttogrowstronger-1,WOT-188_toincreasetoputonweighttogrowstronger-1,,wot
168-188_toincreasetoputonweighttogrowstronger,EAH-188_toincreasetoputonweighttogrowstronger-2,WOT-188_toincreasetoputonweighttogrowstronger-2,,wot
169-189_poorfrailfeeble,EAH-189_poorfrailfeeble-1,WOT-189_poorfrailfeeble-1,,wot
170-190_toproducebuildfabricate,EAH-190_toproducebuildfabricate-1,WOT-190_toproducebuildfabricate-1,,wot
171-191_mourningbereavement,EAH-191_mourningbereavement-1,WOT-191_mourningbereavement-1,,wot
172-192_bulrushtyphalatifoliaangustifoliamattingmadeofbulrushes,EAH-192_bulrushtyphalatifoliaangustifoliamattingmadeofbulrushes-1,WOT-192_bulrushtyphalatifoliaangustifoliamattingmadeofbulrushes-1,,wot
173-193_weakfeeble,EAH-193_weakfeeble-1,WOT-193_weakfeeble-1,,wot
174-194_rein,EAH-194_rein-1,WOT-194_rein-1,,wot
175-195_borderlandhedge,EAH-195_borderlandhedge-1,WOT-195_borderlandhedge-1,,wot
176-196_lawngrassplot,EAH-196_lawngrassplot-1,WOT-196_lawngrassplot-1,,wot
177-198_child,EAH-198_child-1,WOT-198_child-1,,wot
178-198_child,EAH-198_child-2,WOT-198_child-2,,wot
179-199_candle,EAH-199_candle-1,WOT-199_candle-1,,wot
180-200_hornbeamcarpinusbetulus,EAH-200_hornbeamcarpinusbetulus-1,WOT-200_hornbeamcarpinusbetulus-1,,wot
181-201_murderkiller,EAH-201_murderkiller-1,WOT-201_murderkiller-1,,wot
182-202_weed,EAH-202_weed-2,WOT-202_weed-2,,wot
183-203_stomach,EAH-203_stomach-1,WOT-203_stomach-1,,wot
184-205_toconfesssins,EAH-205_toconfesssins-1,WOT-205_toconfesssins-1,,wot
185-205_toconfesssins,EAH-205_toconfesssins-2,WOT-205_toconfesssins-2,,wot
186-206_cudweedgnaphaliumedelweiss,EAH-206_cudweedgnaphaliumedelweiss-1,WOT-206_cudweedgnaphaliumedelweiss-1,,wot
187-207_pearl,EAH-207_pearl-1,WOT-207_pearl-1,,wot
188-208_totorturetomakesuffer,EAH-208_totorturetomakesuffer-1,WOT-208_totorturetomakesuffer-1,,wot
189-209_toconquersomebodysomethingtriumphoversomebodysomethinggainvictory,EAH-209_toconquersomebodysomethingtriumphoversomebodysomethinggainvictory-1,WOT-209_toconquersomebodysomethingtriumphoversomebodysomethinggainvictory-1,,wot
190-210_tocatchfirebekindledtobeignited,EAH-210_tocatchfirebekindledtobeignited-1,WOT-210_tocatchfirebekindledtobeignited-1,,wot
191-211_tokneadpug,EAH-211_tokneadpug-1,WOT-211_tokneadpug-1,,wot
192-212_toassemblegather,EAH-212_toassemblegather-1,WOT-212_toassemblegather-1,,wot
193-213_tocollectgathersomething,EAH-213_tocollectgathersomething-1,WOT-213_tocollectgathersomething-1,,wot
194-214_tohate,EAH-214_tohate-1,WOT-214_tohate-1,,wot
195-215_fruit,EAH-215_fruit-1,WOT-215_fruit-1,,wot
196-216_hawthornaplantsimilartothewhitethornorelder,EAH-216_hawthornaplantsimilartothewhitethornorelder-1,WOT-216_hawthornaplantsimilartothewhitethornorelder-1,,wot
197-217_akindoftreesimilartothemapleorcornelacertataricumcornussanguinea,EAH-217_akindoftreesimilartothemapleorcornelacertataricumcornussanguinea-1,WOT-217_akindoftreesimilartothemapleorcornelacertataricumcornussanguinea-1,,wot
198-218_ring,EAH-218_ring-1,WOT-218_ring-1,,wot
199-219_thimble,EAH-219_thimble-1,WOT-219_thimble-1,,wot
200-220_boatship,EAH-220_boatship-1,WOT-220_boatship-1,,wot
201-221_bell,EAH-221_bell-1,WOT-221_bell-1,,wot
202-222_hawk,EAH-222_hawk-1,WOT-222_hawk-1,,wot
203-223_sand,EAH-223_sand-1,WOT-223_sand-1,,wot
204-224_nooseloopsnare,EAH-224_nooseloopsnare-1,WOT-224_nooseloopsnare-1,,wot
205-225_timeweather,EAH-225_timeweather-1,WOT-225_timeweather-1,,wot
206-226_wordbiblicalwordverb,EAH-226_wordbiblicalwordverb-1,WOT-226_wordbiblicalwordverb-1,,wot
207-227_yesaffirmativeparticlevery,EAH-227_yesaffirmativeparticlevery-1,WOT-227_yesaffirmativeparticlevery-1,,wot
208-229_tobefrightenedtotakefright,EAH-229_tobefrightenedtotakefright-1,WOT-229_tobefrightenedtotakefright-1,,wot
209-229_tobefrightenedtotakefright,EAH-229_tobefrightenedtotakefright-2,WOT-229_tobefrightenedtotakefright-2,,wot
210-230_twin,EAH-230_twin-1,WOT-230_twin-1,,wot
211-231_properbehaviour,EAH-231_properbehaviour-1,WOT-231_properbehaviour-1,,wot
212-232_tosuitsomethingtobepropertofitinto,EAH-232_tosuitsomethingtobepropertofitinto-1,WOT-232_tosuitsomethingtobepropertofitinto-1,,wot
213-233_toadoreworship,EAH-233_toadoreworship-1,WOT-233_toadoreworship-1,,wot
214-234_shirt,EAH-234_shirt-1,WOT-234_shirt-1,,wot
215-235_towrite,EAH-235_towrite-1,WOT-235_towrite-1,,wot
216-236_buttermilk,EAH-236_buttermilk-1,WOT-236_buttermilk-1,,wot
217-237_toglowbehot,EAH-237_toglowbehot-1,WOT-237_toglowbehot-1,,wot
218-242_guidepilotconductorticketinspector,EAH-242_guidepilotconductorticketinspector-2,WOT-242_guidepilotconductorticketinspector-1,,wot
219-243_anethnicgroupofmuslimfaithinmediaevalhungary,EAH-243_anethnicgroupofmuslimfaithinmediaevalhungary-1,WOT-243_anethnicgroupofmuslimfaithinmediaevalhungary-1,,wot
220-246_awaterplantstratiotesaloides,EAH-246_awaterplantstratiotesaloides-1,WOT-246_awaterplantstratiotesaloides-1,,wot
221-246_awaterplantstratiotesaloides,EAH-246_awaterplantstratiotesaloides-2,WOT-246_awaterplantstratiotesaloides-2,,wot
222-246_awaterplantstratiotesaloides,EAH-246_awaterplantstratiotesaloides-3,WOT-246_awaterplantstratiotesaloides-3,,wot
223-253_measles,EAH-253_measles-1,WOT-253_measles-1,,wot
224-254_trapsnare,EAH-254_trapsnare-1,WOT-254_trapsnare-1,,wot
225-255_gate,EAH-255_gate-1,WOT-255_gate-1,,wot
226-256_arm,EAH-256_arm-1,WOT-256_arm-1,,wot
227-258_manofgritstoutfellow,EAH-258_manofgritstoutfellow-1,WOT-258_manofgritstoutfellow-1,,wot
228-259_sheepfoldcattlegridstockyardayardencircledbyafenceshedforanimals,EAH-259_sheepfoldcattlegridstockyardayardencircledbyafenceshedforanimals-1,WOT-259_sheepfoldcattlegridstockyardayardencircledbyafenceshedforanimals-1,,wot
229-261_pinkseveralkindsofpinkdanthusdcaryophyllusseveralmembersofthecaryophillace,EAH-261_pinkseveralkindsofpinkdanthusdcaryophyllusseveralmembersofthecaryophillace-1,WOT-261_pinkseveralkindsofpinkdanthusdcaryophyllusseveralmembersofthecaryophillace-1,,wot
230-261_pinkseveralkindsofpinkdanthusdcaryophyllusseveralmembersofthecaryophillace,EAH-261_pinkseveralkindsofpinkdanthusdcaryophyllusseveralmembersofthecaryophillace-2,WOT-261_pinkseveralkindsofpinkdanthusdcaryophyllusseveralmembersofthecaryophillace-2,,wot
231-262_stakepalestick,EAH-262_stakepalestick-1,WOT-262_stakepalestick-1,,wot
232-263_afishingwaterbirdwithblackfeatherscormorantphalacrocoraxcarbo,EAH-263_afishingwaterbirdwithblackfeatherscormorantphalacrocoraxcarbo-1,WOT-263_afishingwaterbirdwithblackfeatherscormorantphalacrocoraxcarbo-1,,wot
233-264_sparrowhawkaccipiternnisus,EAH-264_sparrowhawkaccipiternnisus-1,WOT-264_sparrowhawkaccipiternnisus-1,,wot
234-265_chicorycichoriumspcichoriumintybus,EAH-265_chicorycichoriumspcichoriumintybus-1,WOT-265_chicorycichoriumspcichoriumintybus-1,,wot
235-266_anethnicnamekazar,EAH-266_anethnicnamekazar-1,WOT-266_anethnicnamekazar-1,,wot
236-268_goatcaprahircus,EAH-268_goatcaprahircus-1,WOT-268_goatcaprahircus-1,,wot
237-269_blue,EAH-269_blue-1,WOT-269_blue-1,,wot
238-270_trousseaudowrygiftgivenwiththebrideorbridegroom,EAH-270_trousseaudowrygiftgivenwiththebrideorbridegroom-1,WOT-270_trousseaudowrygiftgivenwiththebrideorbridegroom-1,,wot
239-271_hempcannabis,EAH-271_hempcannabis-1,WOT-271_hempcannabis-1,,wot
240-272_mercury,EAH-272_mercury-1,WOT-272_mercury-1,,wot
241-274_shockshooksheavesplacedcrosswisealsoaunitofgrainpaidorgiven,EAH-274_shockshooksheavesplacedcrosswisealsoaunitofgrainpaidorgiven-1,WOT-274_shockshooksheavesplacedcrosswisealsoaunitofgrainpaidorgiven-1,,wot
242-276_toruminateofbovines,EAH-276_toruminateofbovines-1,WOT-276_toruminateofbovines-1,,wot
243-277_cud,EAH-277_cud-1,WOT-277_cud-1,,wot
244-278_gardenplaceforanimals,EAH-278_gardenplaceforanimals-1,WOT-278_gardenplaceforanimals-1,,wot
245-279_vulturevultur,EAH-279_vulturevultur-1,WOT-279_vulturevultur-1,,wot
246-280_tobebecomelate,EAH-280_tobebecomelate-1,WOT-280_tobebecomelate-1,,wot
247-284_smalllittle,EAH-284_smalllittle-1,WOT-284_smalllittle-1,,wot
248-284_smalllittle,EAH-284_smalllittle-2,WOT-284_smalllittle-2,,wot
249-283_small,EAH-283_small-1,WOT-283_small-1,,wot
250-284_smalllittle,EAH-284_smalllittle-3,WOT-284_smalllittle-3,,wot
251-286_wildmeadowsaffroncolchicumautumnalelionstoothtaraxacum,EAH-286_wildmeadowsaffroncolchicumautumnalelionstoothtaraxacum-1,WOT-286_wildmeadowsaffroncolchicumautumnalelionstoothtaraxacum-1,,wot
252-287_abirdsimilartoafalconakindofbirdofprey,EAH-287_abirdsimilartoafalconakindofbirdofprey-1,WOT-287_abirdsimilartoafalconakindofbirdofprey-1,,wot
253-288_pain,EAH-288_pain-1,WOT-288_pain-1,,wot
254-291_tobegtomendicate,EAH-291_tobegtomendicate-1,WOT-291_tobegtomendicate-1,,wot
255-293_beggar,EAH-293_beggar-1,WOT-293_beggar-1,,wot
256-293_beggar,EAH-293_beggar-2,WOT-293_beggar-2,,wot
257-294_hopshumuluslupulus,EAH-294_hopshumuluslupulus-1,WOT-294_hopshumuluslupulus-1,,wot
258-295_timothygrassphleumphleumsp,EAH-295_timothygrassphleumphleumsp-1,WOT-295_timothygrassphleumphleumsp-1,,wot
259-297_gloomygravemorosesombredullcolourednotproperlycastrated,EAH-297_gloomygravemorosesombredullcolourednotproperlycastrated-1,WOT-297_gloomygravemorosesombredullcolourednotproperlycastrated-1,,wot
260-298_coffin,EAH-298_coffin-1,WOT-298_coffin-1,,wot
261-299_ageperiod,EAH-299_ageperiod-1,WOT-299_ageperiod-1,,wot
262-300_tombsmallhillelevateddryplaceinamarsh,EAH-300_tombsmallhillelevateddryplaceinamarsh-1,WOT-300_tombsmallhillelevateddryplaceinamarsh-1,,wot
263-301_drystalkofweed,EAH-301_drystalkofweed-1,WOT-301_drystalkofweed-1,,wot
264-302_soot,EAH-302_soot-1,WOT-302_soot-1,,wot
265-303_ram,EAH-303_ram-1,WOT-303_ram-1,,wot
266-304_burn,EAH-304_burn-1,WOT-304_burn-1,,wot
267-306_frocksheepskinwaistcoat,EAH-306_frocksheepskinwaistcoat-1,WOT-306_frocksheepskinwaistcoat-1,,wot
268-306_frocksheepskinwaistcoat,EAH-306_frocksheepskinwaistcoat-2,WOT-306_frocksheepskinwaistcoat-2,,wot
269-307_blackthornprunusspinosa,EAH-307_blackthornprunusspinosa-1,WOT-307_blackthornprunusspinosa-1,,wot
270-308_loan,EAH-308_loan-1,WOT-308_loan-1,,wot
271-309_thenavelvariouspartsofagriculturalandotherinstrumentsaroundwhichsomethingturnsorrotatesorwhichisinthecentre,EAH-309_thenavelvariouspartsofagriculturalandotherinstrumentsaroundwhichsomethingturnsorrotatesorwhichisinthecentre-1,WOT-309_thenavelvariouspartsofagriculturalandotherinstrumentsaroundwhichsomethingturnsorrotatesorwhichisinthecentre-1,,wot
272-310_youngofananimalkidpuppylad,EAH-310_youngofananimalkidpuppylad-1,WOT-310_youngofananimalkidpuppylad-1,,wot
273-311_pounderbeatersmallmortar,EAH-311_pounderbeatersmallmortar-1,WOT-311_pounderbeatersmallmortar-1,,wot
274-315_book,EAH-315_book-1,WOT-315_book-1,,wot
275-315_book,EAH-315_book-2,WOT-315_book-2,,wot
276-316_stumpyasmallthickman,EAH-316_stumpyasmallthickman-1,WOT-316_stumpyasmallthickman-1,,wot
277-317_akindofhungariansheepdogkomondor,EAH-317_akindofhungariansheepdogkomondor-1,WOT-317_akindofhungariansheepdogkomondor-1,,wot
278-318_cloakgownovercoat,EAH-318_cloakgownovercoat-1,WOT-318_cloakgownovercoat-1,,wot
279-319_churnbeehiveanythingwithahollowpartinwhichsomethingcanbefittedinatroughtrayforchannellingwaterthesameusedasasmallbridgethelatterintranslyvania,EAH-319_churnbeehiveanythingwithahollowpartinwhichsomethingcanbefittedinatroughtrayforchannellingwaterthesameusedasasmallbridgethelatterintranslyvania-1,WOT-319_churnbeehiveanythingwithahollowpartinwhichsomethingcanbefittedinatroughtrayforchannellingwaterthesameusedasasmallbridgethelatterintranslyvania-1,,wot
280-320_ashtreefraxinussp,EAH-320_ashtreefraxinussp-1,WOT-320_ashtreefraxinussp-1,,wot
281-321_mellowpowderycrumblyrottenmouldy,EAH-321_mellowpowderycrumblyrottenmouldy-1,WOT-321_mellowpowderycrumblyrottenmouldy-1,,wot
282-323_pearpyruscommunis,EAH-323_pearpyruscommunis-1,WOT-323_pearpyruscommunis-1,,wot
283-323_pearpyruscommunis,EAH-323_pearpyruscommunis-2,WOT-323_pearpyruscommunis-2,,wot
284-324_togreettothank,EAH-324_togreettothank-1,WOT-324_togreettothank-1,,wot
285-325_thecumanethnicgroupinhungary,EAH-325_thecumanethnicgroupinhungary-1,WOT-325_thecumanethnicgroupinhungary-1,,wot
286-329_laughingbirdpicusviridis,EAH-329_laughingbirdpicusviridis-1,WOT-329_laughingbirdpicusviridis-1,,wot
287-328_afishlivingatthebottomoftherivergudgeongobiofluviatilis,EAH-328_afishlivingatthebottomoftherivergudgeongobiofluviatilis-1,WOT-328_afishlivingatthebottomoftherivergudgeongobiofluviatilis-1,,wot
288-329_laughingbirdpicusviridis,EAH-329_laughingbirdpicusviridis-2,WOT-329_laughingbirdpicusviridis-2,,wot
289-330_drysummerfograinbow,EAH-330_drysummerfograinbow-1,WOT-330_drysummerfograinbow-1,,wot
290-331_thenameofagroupofmilitarypeopleinhungarythecumanbodyguardtothehungarianking,EAH-331_thenameofagroupofmilitarypeopleinhungarythecumanbodyguardtothehungarianking-1,WOT-331_thenameofagroupofmilitarypeopleinhungarythecumanbodyguardtothehungarianking-1,,wot
291-332_chaffhuskswinnowingstailingsrefuseofgrain,EAH-332_chaffhuskswinnowingstailingsrefuseofgrain-1,WOT-332_chaffhuskswinnowingstailingsrefuseofgrain-1,,wot
292-333_causereason,EAH-333_causereason-1,WOT-333_causereason-1,,wot
293-334_toteach,EAH-334_toteach-1,WOT-334_toteach-1,,wot
294-335_stycattlepensheepfold,EAH-335_stycattlepensheepfold-1,WOT-335_stycattlepensheepfold-1,,wot
295-336_cheap,EAH-336_cheap-1,WOT-336_cheap-1,,wot
296-337_kidofagoat,EAH-337_kidofagoat-1,WOT-337_kidofagoat-1,,wot
297-338_spermseminalfluid,EAH-338_spermseminalfluid-1,WOT-338_spermseminalfluid-1,,wot
298-341_russian,EAH-341_russian-1,WOT-341_russian-1,,wot
299-342_lion,EAH-342_lion-1,WOT-342_lion-1,,wot
300-343_spindlewhorl,EAH-343_spindlewhorl-1,WOT-343_spindlewhorl-1,,wot
301-344_thief,EAH-344_thief-1,WOT-344_thief-1,,wot
302-345_physician,EAH-345_physician-1,WOT-345_physician-1,,wot
303-346_cuneinplayinostabla,EAH-346_cuneinplayinostabla-1,WOT-346_cuneinplayinostabla-1,,wot
304-347_ox,EAH-347_ox-1,WOT-347_ox-1,,wot
305-348_tostitchtoputonadress,EAH-348_tostitchtoputonadress-1,WOT-348_tostitchtoputonadress-1,,wot
306-349_hawkbuzzardbuteobuteo,EAH-349_hawkbuzzardbuteobuteo-1,WOT-349_hawkbuzzardbuteobuteo-1,,wot
307-350_totakeroottogrowstrongerplantanimal,EAH-350_totakeroottogrowstrongerplantanimal-1,WOT-350_totakeroottogrowstrongerplantanimal-1,,wot
308-351_togrindmill,EAH-351_togrindmill-1,WOT-351_togrindmill-1,,wot
309-352_millingproduct,EAH-352_millingproduct-1,WOT-352_millingproduct-1,,wot
310-353_armenian,EAH-353_armenian-1,WOT-353_armenian-1,,wot
311-354_eternal,EAH-354_eternal-1,WOT-354_eternal-1,,wot
312-355_torejoicetobeglad,EAH-355_torejoicetobeglad-1,WOT-355_torejoicetobeglad-1,,wot
313-356_tobecomemad,EAH-356_tobecomemad-1,WOT-356_tobecomemad-1,,wot
314-362_whirlpooleddy,EAH-362_whirlpooleddy-1,WOT-362_whirlpooleddy-1,,wot
315-362_whirlpooleddy,EAH-362_whirlpooleddy-2,WOT-362_whirlpooleddy-2,,wot
316-362_whirlpooleddy,EAH-362_whirlpooleddy-3,WOT-362_whirlpooleddy-3,,wot
317-362_whirlpooleddy,EAH-362_whirlpooleddy-4,WOT-362_whirlpooleddy-4,,wot
318-362_whirlpooleddy,EAH-362_whirlpooleddy-5,WOT-362_whirlpooleddy-5,,wot
319-362_whirlpooleddy,EAH-362_whirlpooleddy-6,WOT-362_whirlpooleddy-6,,wot
320-363_flooddelugestream,EAH-363_flooddelugestream-1,WOT-363_flooddelugestream-1,,wot
321-365_cheese,EAH-365_cheese-1,WOT-365_cheese-1,,wot
322-365_cheese,EAH-365_cheese-2,WOT-365_cheese-2,,wot
323-366_mudmarsh,EAH-366_mudmarsh-1,WOT-366_mudmarsh-1,,wot
324-368_yellow,EAH-368_yellow-1,WOT-368_yellow-1,,wot
325-368_yellow,EAH-368_yellow-2,WOT-368_yellow-2,,wot
326-369_dragon,EAH-369_dragon-1,WOT-369_dragon-1,,wot
327-370_sickle,EAH-370_sickle-1,WOT-370_sickle-1,,wot
328-371_atypeofwildonionornithogalum,EAH-371_atypeofwildonionornithogalum-1,WOT-371_atypeofwildonionornithogalum-1,,wot
329-372_footwearsandals,EAH-372_footwearsandals-1,WOT-372_footwearsandals-1,,wot
330-373_tent,EAH-373_tent-1,WOT-373_tent-1,,wot
331-374_fastquick,EAH-374_fastquick-1,WOT-374_fastquick-1,,wot
332-375_tosweeptobroom,EAH-375_tosweeptobroom-1,WOT-375_tosweeptobroom-1,,wot
333-376_broom,EAH-376_broom-1,WOT-376_broom-1,,wot
334-378_draffleesdregsofwine,EAH-378_draffleesdregsofwine-1,WOT-378_draffleesdregsofwine-1,,wot
335-378_draffleesdregsofwine,EAH-378_draffleesdregsofwine-2,WOT-378_draffleesdregsofwine-2,,wot
336-379_toinjuretohurt,EAH-379_toinjuretohurt-1,WOT-379_toinjuretohurt-1,,wot
337-380_armytroopscrowd,EAH-380_armytroopscrowd-1,WOT-380_armytroopscrowd-1,,wot
338-381_anit,EAH-381_anit-1,WOT-381_anit-1,,wot
339-382_cupgoblet,EAH-382_cupgoblet-1,WOT-382_cupgoblet-1,,wot
340-383_alsoshortsheavesusedtostrengthenathatchedroof,EAH-383_alsoshortsheavesusedtostrengthenathatchedroof-1,WOT-383_alsoshortsheavesusedtostrengthenathatchedroof-1,,wot
341-384_evenflatopenwater,EAH-384_evenflatopenwater-1,WOT-384_evenflatopenwater-1,,wot
342-385_smoothsimit,EAH-385_smoothsimit-1,WOT-385_smoothsimit-1,,wot
343-386_runningwaterrunningchannelunderamill,EAH-386_runningwaterrunningchannelunderamill-1,WOT-386_runningwaterrunningchannelunderamill-1,,wot
344-387_springwellbrook,EAH-387_springwellbrook-1,WOT-387_springwellbrook-1,,wot
345-390_falcon,EAH-390_falcon-1,WOT-390_falcon-1,,wot
346-390_falcon,EAH-390_falcon-2,WOT-390_falcon-2,,wot
347-392_dogwoodtreecornelcornus,EAH-392_dogwoodtreecornelcornus-1,WOT-392_dogwoodtreecornelcornus-1,,wot
348-392_dogwoodtreecornelcornus,EAH-392_dogwoodtreecornelcornus-2,WOT-392_dogwoodtreecornelcornus-2,,wot
349-393_beer,EAH-393_beer-1,WOT-393_beer-1,,wot
350-394_sterletsturgeonacipenserstellatusruthenus,EAH-394_sterletsturgeonacipenserstellatusruthenus-1,WOT-394_sterletsturgeonacipenserstellatusruthenus-1,,wot
351-395_pikeperchzanderstizostedionlucioperca,EAH-395_pikeperchzanderstizostedionlucioperca-1,WOT-395_pikeperchzanderstizostedionlucioperca-1,,wot
352-396_scurvy,EAH-396_scurvy-1,WOT-396_scurvy-1,,wot
353-397_densethickofwoodsorsoup,EAH-397_densethickofwoodsorsoup-1,WOT-397_densethickofwoodsorsoup-1,,wot
354-399_brotherinlaw,EAH-399_brotherinlaw-1,WOT-399_brotherinlaw-1,,wot
355-399_brotherinlaw,EAH-399_brotherinlaw-2,WOT-399_brotherinlaw-2,,wot
356-400_mirage,EAH-400_mirage-1,WOT-400_mirage-1,,wot
357-401_uvulatherecurvedpointofafishinghookoralanceredwattleonachicken,EAH-401_uvulatherecurvedpointofafishinghookoralanceredwattleonachicken-1,WOT-401_uvulatherecurvedpointofafishinghookoralanceredwattleonachicken-1,,wot
358-402_beard,EAH-402_beard-1,WOT-402_beard-1,,wot
359-403_raft,EAH-403_raft-1,WOT-403_raft-1,,wot
360-404_number,EAH-404_number-1,WOT-404_number-1,,wot
361-405_tohavepityfortoregret,EAH-405_tohavepityfortoregret-1,WOT-405_tohavepityfortoregret-1,,wot
362-408_bucketwoodenpailwithahandle,EAH-408_bucketwoodenpailwithahandle-1,WOT-408_bucketwoodenpailwithahandle-1,,wot
363-409_lightcolouredyellowishpalepartlybald,EAH-409_lightcolouredyellowishpalepartlybald-1,WOT-409_lightcolouredyellowishpalepartlybald-1,,wot
364-410_wing,EAH-410_wing-1,WOT-410_wing-1,,wot
365-411_grocergrandhandler,EAH-411_grocergrandhandler-1,WOT-411_grocergrandhandler-1,,wot
366-412_chairseatbenchthrone,EAH-412_chairseatbenchthrone-1,WOT-412_chairseatbenchthrone-1,,wot
367-413_wind,EAH-413_wind-1,WOT-413_wind-1,,wot
368-415_toslumbertodoze,EAH-415_toslumbertodoze-1,WOT-415_toslumbertodoze-1,,wot
369-415_toslumbertodoze,EAH-415_toslumbertodoze-2,WOT-415_toslumbertodoze-2,,wot
370-416_beautiful,EAH-416_beautiful-1,WOT-416_beautiful-1,,wot
371-417_frecklesunspotstain,EAH-417_frecklesunspotstain-1,WOT-417_frecklesunspotstain-1,,wot
372-418_partofavillagestreetgroupofpeoplerowlineorder,EAH-418_partofavillagestreetgroupofpeoplerowlineorder-1,WOT-418_partofavillagestreetgroupofpeoplerowlineorder-1,,wot
373-419_threshingfloorround,EAH-419_threshingfloorround-1,WOT-419_threshingfloorround-1,,wot
374-420_fumesvapourspiritsalcoholhumours,EAH-420_fumesvapourspiritsalcoholhumours-1,WOT-420_fumesvapourspiritsalcoholhumours-1,,wot
375-421_colourfaceexternalappearancethebestpartofsomethingtheupperpartofsomething,EAH-421_colourfaceexternalappearancethebestpartofsomethingtheupperpartofsomething-1,WOT-421_colourfaceexternalappearancethebestpartofsomethingtheupperpartofsomething-1,,wot
376-423_thinhideropestrapusedforembroideryorasawhiprefrozenthinlayerafterthemeltingofsnow,EAH-423_thinhideropestrapusedforembroideryorasawhiprefrozenthinlayerafterthemeltingofsnow-1,WOT-423_thinhideropestrapusedforembroideryorasawhiprefrozenthinlayerafterthemeltingofsnow-1,,wot
377-423_thinhideropestrapusedforembroideryorasawhiprefrozenthinlayerafterthemeltingofsnow,EAH-423_thinhideropestrapusedforembroideryorasawhiprefrozenthinlayerafterthemeltingofsnow-2,WOT-423_thinhideropestrapusedforembroideryorasawhiprefrozenthinlayerafterthemeltingofsnow-2,,wot
378-425_word,EAH-425_word-1,WOT-425_word-1,,wot
379-426_akindoffalconpielfalcusgyrfalco,EAH-426_akindoffalconpielfalcusgyrfalco-1,WOT-426_akindoffalconpielfalcusgyrfalco-1,,wot
380-427_tospreadtoscattertowinnow,EAH-427_tospreadtoscattertowinnow-1,WOT-427_tospreadtoscattertowinnow-1,,wot
381-428_grasshopper,EAH-428_grasshopper-1,WOT-428_grasshopper-1,,wot
382-429_toleaptojumptoescapetoflee,EAH-429_toleaptojumptoescapetoflee-1,WOT-429_toleaptojumptoescapetoflee-1,,wot
383-431_grapewinegrapevitisvinifer,EAH-431_grapewinegrapevitisvinifer-1,WOT-431_grapewinegrapevitisvinifer-1,,wot
384-431_grapewinegrapevitisvinifer,EAH-431_grapewinegrapevitisvinifer-2,WOT-431_grapewinegrapevitisvinifer-2,,wot
385-432_mosquitognatculexpipens,EAH-432_mosquitognatculexpipens-1,WOT-432_mosquitognatculexpipens-1,,wot
386-433_furrier,EAH-433_furrier-1,WOT-433_furrier-1,,wot
387-434_toceasetostop,EAH-434_toceasetostop-1,WOT-434_toceasetostop-1,,wot
388-435_tostraintofilter,EAH-435_tostraintofilter-1,WOT-435_tostraintofilter-1,,wot
389-436_virginpure,EAH-436_virginpure-1,WOT-436_virginpure-1,,wot
390-437_sorcerermedicineman,EAH-437_sorcerermedicineman-1,WOT-437_sorcerermedicineman-1,,wot
391-438_advicecouncil,EAH-438_advicecouncil-1,WOT-438_advicecouncil-1,,wot
392-439_witness,EAH-439_witness-1,WOT-439_witness-1,,wot
393-440_tofeedtonourish,EAH-440_tofeedtonourish-1,WOT-440_tofeedtonourish-1,,wot
394-441_tindertinderfungusfomesfomentarius,EAH-441_tindertinderfungusfomesfomentarius-1,WOT-441_tindertinderfungusfomesfomentarius-1,,wot
395-442_bald,EAH-442_bald-1,WOT-442_bald-1,,wot
396-443_depottarhaz,EAH-443_depottarhaz-1,WOT-443_depottarhaz-1,,wot
397-444_ploughfieldarablefieldstubblefield,EAH-444_ploughfieldarablefieldstubblefield-1,WOT-444_ploughfieldarablefieldstubblefield-1,,wot
398-445_toholdcarrytolastvisszatart,EAH-445_toholdcarrytolastvisszatart-1,WOT-445_toholdcarrytolastvisszatart-1,,wot
399-446_tatar,EAH-446_tatar-1,WOT-446_tatar-1,,wot
400-448_nameofseveralkindsofplantseganemosphorosbuniasorientalisnapuscrambetataricastormwind,EAH-448_nameofseveralkindsofplantseganemosphorosbuniasorientalisnapuscrambetataricastormwind-1,WOT-448_nameofseveralkindsofplantseganemosphorosbuniasorientalisnapuscrambetataricastormwind-1,,wot
401-448_nameofseveralkindsofplantseganemosphorosbuniasorientalisnapuscrambetataricastormwind,EAH-448_nameofseveralkindsofplantseganemosphorosbuniasorientalisnapuscrambetataricastormwind-2,WOT-448_nameofseveralkindsofplantseganemosphorosbuniasorientalisnapuscrambetataricastormwind-2,,wot
402-449_towindsomethingroundtotwist,EAH-449_towindsomethingroundtotwist-1,WOT-449_towindsomethingroundtotwist-1,,wot
403-450_troughwashtubhutch,EAH-450_troughwashtubhutch-1,WOT-450_troughwashtubhutch-1,,wot
404-451_straponawhiporonakindofsandal,EAH-451_straponawhiporonakindofsandal-1,WOT-451_straponawhiporonakindofsandal-1,,wot
405-452_apieceoflandfieldparcelpatchahigherplacewhereanimalsrestandaccumulatedung,EAH-452_apieceoflandfieldparcelpatchahigherplacewhereanimalsrestandaccumulatedung-1,WOT-452_apieceoflandfieldparcelpatchahigherplacewhereanimalsrestandaccumulatedung-1,,wot
406-453_tovegetatetolingerinmisery,EAH-453_tovegetatetolingerinmisery-1,WOT-453_tovegetatetolingerinmisery-1,,wot
407-454_axle,EAH-454_axle-1,WOT-454_axle-1,,wot
408-455_sea,EAH-455_sea-1,WOT-455_sea-1,,wot
409-457_toturntochangetheoriginaldirection,EAH-457_toturntochangetheoriginaldirection-1,WOT-457_toturntochangetheoriginaldirection-1,,wot
410-457_toturntochangetheoriginaldirection,EAH-457_toturntochangetheoriginaldirection-2,WOT-457_toturntochangetheoriginaldirection-2,,wot
411-458_knee,EAH-458_knee-1,WOT-458_knee-1,,wot
412-459_hallchambergreatroom,EAH-459_hallchambergreatroom-1,WOT-459_hallchambergreatroom-1,,wot
413-460_camel,EAH-460_camel-1,WOT-460_camel-1,,wot
414-461_hempbreakerswinglescutch,EAH-461_hempbreakerswinglescutch-1,WOT-461_hempbreakerswinglescutch-1,,wot
415-462_steeryoungbullockox,EAH-462_steeryoungbullockox-1,WOT-462_steeryoungbullockox-1,,wot
416-464_tolayeggs,EAH-464_tolayeggs-1,WOT-464_tolayeggs-1,,wot
417-464_tolayeggs,EAH-464_tolayeggs-2,WOT-464_tolayeggs-2,,wot
418-465_sturgeonacipensersturio,EAH-465_sturgeonacipensersturio-1,WOT-465_sturgeonacipensersturio-1,,wot
419-466_oneyearoldlamb,EAH-466_oneyearoldlamb-1,WOT-466_oneyearoldlamb-1,,wot
420-467_interpreter,EAH-467_interpreter-1,WOT-467_interpreter-1,,wot
421-468_horseradisharmoraciarusticana,EAH-468_horseradisharmoraciarusticana-1,WOT-468_horseradisharmoraciarusticana-1,,wot
422-470_topileuptobecomeblocked,EAH-470_topileuptobecomeblocked-1,WOT-470_topileuptobecomeblocked-1,,wot
423-470_topileuptobecomeblocked,EAH-470_topileuptobecomeblocked-2,WOT-470_topileuptobecomeblocked-2,,wot
424-471_akindofsmallfalconfalcocolumbariusaescalon,EAH-471_akindofsmallfalconfalcocolumbariusaescalon-1,WOT-471_akindofsmallfalconfalcocolumbariusaescalon-1,,wot
425-472_slovak,EAH-472_slovak-1,WOT-472_slovak-1,,wot
426-473_perfect,EAH-473_perfect-1,WOT-473_perfect-1,,wot
427-474_innumerable,EAH-474_innumerable-1,WOT-474_innumerable-1,,wot
428-475_tobreakalsoeghempsaltpeppertoseparateintopiecestobreaktocrush,EAH-475_tobreakalsoeghempsaltpeppertoseparateintopiecestobreaktocrush-1,WOT-475_tobreakalsoeghempsaltpeppertoseparateintopiecestobreaktocrush-1,,wot
429-476_snaretrap,EAH-476_snaretrap-1,WOT-476_snaretrap-1,,wot
430-477_turkturkishturkicottoman,EAH-477_turkturkishturkicottoman-1,WOT-477_turkturkishturkicottoman-1,,wot
431-478_tohappentooccur,EAH-478_tohappentooccur-1,WOT-478_tohappentooccur-1,,wot
432-479_law,EAH-479_law-1,WOT-479_law-1,,wot
433-480_peatturfdrieddung,EAH-480_peatturfdrieddung-1,WOT-480_peatturfdrieddung-1,,wot
434-481_steeryoungbullockoxorcow,EAH-481_steeryoungbullockoxorcow-1,WOT-481_steeryoungbullockoxorcow-1,,wot
435-482_cottagecheesecheesecurds,EAH-482_cottagecheesecheesecurds-1,WOT-482_cottagecheesecheesecurds-1,,wot
436-483_thetotembirdofthearpaddynastyabirdofprey,EAH-483_thetotembirdofthearpaddynastyabirdofprey-1,WOT-483_thetotembirdofthearpaddynastyabirdofprey-1,,wot
437-484_bustardotis,EAH-484_bustardotis-1,WOT-484_bustardotis-1,,wot
438-486_mirror,EAH-486_mirror-1,WOT-486_mirror-1,,wot
439-486_mirror,EAH-486_mirror-2,WOT-486_mirror-2,,wot
440-487_toenduresufferbearstand,EAH-487_toenduresufferbearstand-1,WOT-487_toenduresufferbearstand-1,,wot
441-488_torollupascrolloronessleeves,EAH-488_torollupascrolloronessleeves-1,WOT-488_torollupascrolloronessleeves-1,,wot
442-489_hen,EAH-489_hen-1,WOT-489_hen-1,,wot
443-490_owlstrix,EAH-490_owlstrix-1,WOT-490_owlstrix-1,,wot
444-491_gentlemanlordsirhighdignitylordalsoofakingorofgod,EAH-491_gentlemanlordsirhighdignitylordalsoofakingorofgod-1,WOT-491_gentlemanlordsirhighdignitylordalsoofakingorofgod-1,,wot
445-492_torefreshoneselftoresttobecomecured,EAH-492_torefreshoneselftoresttobecomecured-1,WOT-492_torefreshoneselftoresttobecomecured-1,,wot
446-493_feastunnepnap,EAH-493_feastunnepnap-1,WOT-493_feastunnepnap-1,,wot
447-494_heiferroedoe,EAH-494_heiferroedoe-1,WOT-494_heiferroedoe-1,,wot
448-496_groundsquirrelcitelluscitellus,EAH-496_groundsquirrelcitelluscitellus-1,WOT-496_groundsquirrelcitelluscitellus-1,,wot
449-496_groundsquirrelcitelluscitellus,EAH-496_groundsquirrelcitelluscitellus-2,WOT-496_groundsquirrelcitelluscitellus-2,,wot
450-498_wormwoodartemisiabitterness,EAH-498_wormwoodartemisiabitterness-1,WOT-498_wormwoodartemisiabitterness-1,,wot
451-498_wormwoodartemisiabitterness,EAH-498_wormwoodartemisiabitterness-2,WOT-498_wormwoodartemisiabitterness-2,,wot
452-499_wethersheep,EAH-499_wethersheep-1,WOT-499_wethersheep-1,,wot
453-501_hotembersextinguishedembers,EAH-501_hotembersextinguishedembers-1,WOT-501_hotembersextinguishedembers-1,,wot
454-501_hotembersextinguishedembers,EAH-501_hotembersextinguishedembers-2,WOT-501_hotembersextinguishedembers-2,,wot
455-502_oneyearoldfemalesheep,EAH-502_oneyearoldfemalesheep-1,WOT-502_oneyearoldfemalesheep-1,,wot
456-503_tohollowouttoscoopout,EAH-503_tohollowouttoscoopout-1,WOT-503_tohollowouttoscoopout-1,,wot
457-504_troughtray,EAH-504_troughtray-1,WOT-504_troughtray-1,,wot
458-505_fishweir,EAH-505_fishweir-1,WOT-505_fishweir-1,,wot
459-507_aholeintheiceforfishing,EAH-507_aholeintheiceforfishing-1,WOT-507_aholeintheiceforfishing-1,,wot
460-507_aholeintheiceforfishing,EAH-507_aholeintheiceforfishing-2,WOT-507_aholeintheiceforfishing-2,,wot
461-508_guest,EAH-508_guest-1,WOT-508_guest-1,,wot
462-510_gablefrontispiece,EAH-510_gablefrontispiece-1,WOT-510_gablefrontispiece-1,,wot
463-511_chamoisrupicaprarupicapra,EAH-511_chamoisrupicaprarupicapra-1,WOT-511_chamoisrupicaprarupicapra-1,,wot
